"Timestamp","Username","Total score","Did Cuba have an export hike between 1970 & 1980?","Did Cuba have an export hike between 1970 & 1980? [Score]","Did Cuba have an export hike between 1970 & 1980? [Feedback]","Which Country experienced an increase in its export percentage between 1980 and 1990?","Which Country experienced an increase in its export percentage between 1980 and 1990? [Score]","Which Country experienced an increase in its export percentage between 1980 and 1990? [Feedback]","In which decade did Cuba see a major downfall in its export percentage?","In which decade did Cuba see a major downfall in its export percentage? [Score]","In which decade did Cuba see a major downfall in its export percentage? [Feedback]","Which country had the highest increase in its export percentage between 1970 to 1980?","Which country had the highest increase in its export percentage between 1970 to 1980? [Score]","Which country had the highest increase in its export percentage between 1970 to 1980? [Feedback]","In 2000, which among the following Countries had the highest export percentage in its GDP?","In 2000, which among the following Countries had the highest export percentage in its GDP? [Score]","In 2000, which among the following Countries had the highest export percentage in its GDP? [Feedback]","When did Uganda face its first rise in its export between the years 1970 & 2010?","When did Uganda face its first rise in its export between the years 1970 & 2010? [Score]","When did Uganda face its first rise in its export between the years 1970 & 2010? [Feedback]","How much will you rate a dynamic bar chart for data interpretation?","How much will you rate a dynamic bar chart for data interpretation? [Score]","How much will you rate a dynamic bar chart for data interpretation? [Feedback]","How much will you rate a static bar chart for data interpretation?","How much will you rate a static bar chart for data interpretation? [Score]","How much will you rate a static bar chart for data interpretation? [Feedback]"
"2018/11/14 3:53:22 PM GMT+5:30","mingjie.shao@ucdconnect.ie","4.00 / 6","Yes","1.00 / 1","","Sri Lanka","0.00 / 1","","1990-2000","1.00 / 1","","Greece","1.00 / 1","","Greece","0.00 / 1","","2000","1.00 / 1","","4","-- / 0","","2","-- / 0",""
"2018/11/14 3:54:55 PM GMT+5:30","shivam.saxena@ucdconnect.ie","4.00 / 6","Yes","1.00 / 1","","Sri Lanka","0.00 / 1","","1990-2000","1.00 / 1","","Greece","1.00 / 1","","Can't Say","0.00 / 1","","2000","1.00 / 1","","4","-- / 0","","3","-- / 0",""
"2018/11/14 3:56:21 PM GMT+5:30","jatin.jaitley@ucdconnect.ie","4.00 / 6","Yes","1.00 / 1","","Sri Lanka","0.00 / 1","","1990-2000","1.00 / 1","","Greece","1.00 / 1","","Can't Say","0.00 / 1","","2000","1.00 / 1","","2","-- / 0","","4","-- / 0",""
"2018/11/14 4:13:25 PM GMT+5:30","rafeh.ishtiaq@ucdconnect.ie","4.00 / 6","Yes","1.00 / 1","","Germany","1.00 / 1","","1990-2000","1.00 / 1","","Germany","0.00 / 1","","Sri Lanks","0.00 / 1","","2000","1.00 / 1","","3","-- / 0","","2","-- / 0",""
"2018/11/14 4:14:31 PM GMT+5:30","linda.smithjameson@ucdconnect.ie","4.00 / 6","Yes","1.00 / 1","","Sri Lanka","0.00 / 1","","1990-2000","1.00 / 1","","Greece","1.00 / 1","","Germany","0.00 / 1","","2000","1.00 / 1","","2","-- / 0","","5","-- / 0",""
"2018/11/14 4:14:56 PM GMT+5:30","claire.rogers@ucdconnect.ie","5.00 / 6","Yes","1.00 / 1","","Germany","1.00 / 1","","1990-2000","1.00 / 1","","Greece","1.00 / 1","","sri lanka","0.00 / 1","","2000","1.00 / 1","","1","-- / 0","","5","-- / 0",""
"2018/11/14 4:34:42 PM GMT+5:30","jing.liu1@ucdconnect.ie","3.00 / 6","No","0.00 / 1","","Can't Say","0.00 / 1","","1990-2000","1.00 / 1","","Greece","1.00 / 1","","sri lanka","0.00 / 1","","2000","1.00 / 1","","1","-- / 0","","5","-- / 0",""
"2018/11/14 4:35:23 PM GMT+5:30","swathi.ishwarya@gmail.com","4.00 / 6","Yes","1.00 / 1","","Germany","1.00 / 1","","1990-2000","1.00 / 1","","Can't Say","0.00 / 1","","Can't Say","0.00 / 1","","2000","1.00 / 1","","2","-- / 0","","4","-- / 0",""
"2018/11/14 6:25:57 PM GMT+5:30","jesse@gmail.com","4.00 / 6","Yes","1.00 / 1","","Germany","1.00 / 1","","1990-2000","1.00 / 1","","Greece","1.00 / 1","","Lesotho","0.00 / 1","","2010","0.00 / 1","","3","-- / 0","","3","-- / 0",""
"2018/11/14 6:38:10 PM GMT+5:30","karthikeyanj95@gmail.com","4.00 / 6","No","0.00 / 1","","Germany","1.00 / 1","","1990-2000","1.00 / 1","","Greece","1.00 / 1","","Germany","0.00 / 1","","2000","1.00 / 1","","2","-- / 0","","4","-- / 0",""
"2018/11/14 6:38:44 PM GMT+5:30","vijayaveenab@gmail.com","3.00 / 6","Can't Say","0.00 / 1","","Germany","1.00 / 1","","1990-2000","1.00 / 1","","Greece","1.00 / 1","","Lesotho","0.00 / 1","","Can't Say","0.00 / 1","","3","-- / 0","","5","-- / 0",""