Year,Country,Export,Colour
1970,Cuba,32.62535906,red
1980,Cuba,32.8,red
1990,Cuba,30.23904545,red
2000,Cuba,14.13012184,red
2010,Cuba,19.61354547,red
1970,Germany,16.42983149,black
1980,Germany,20.22298424,black
1990,Germany,24.80012937,black
2000,Germany,33.38461538,black
2010,Germany,47.00504767,black
1970,Greece,9.67840279,blue
1980,Greece,23.7254871,blue
1990,Greece,18.14468042,blue
2000,Greece,25.72698633,blue
2010,Greece,22.2433125,blue
1970,Lesotho,12.21995927,Green
1980,Lesotho,21.00565308,Green
1990,Lesotho,18.08626065,Green
2000,Lesotho,34.21843337,Green
2010,Lesotho,43.80931136,Green
1970,Sri Lanka,25.45374707,Orange
1980,Sri Lanka,32.21849775,Orange
1990,Sri Lanka,30.18080451,Orange
2000,Sri Lanka,39.01571015,Orange
2010,Sri Lanka,22.37683312,Orange
1970,Uganda,23.35222852,brown
1980,Uganda,19.44384185,brown
1990,Uganda,7.240720859,brown
2000,Uganda,10.65140929,brown
2010,Uganda,23.76339156,brown
