"Timestamp","Username","Total score","In 1980 which country had the lowest export?","In 1980 which country had the lowest export? [Score]","In 1980 which country had the lowest export? [Feedback]","In 2000 between Bangladesh & Cuba, which has more export?","In 2000 between Bangladesh & Cuba, which has more export? [Score]","In 2000 between Bangladesh & Cuba, which has more export? [Feedback]","Did Cuba have an export hike from 1970 to 1980? ","Did Cuba have an export hike from 1970 to 1980?  [Score]","Did Cuba have an export hike from 1970 to 1980?  [Feedback]","Did Burundi have an export fall between 2000 & 2010?","Did Burundi have an export fall between 2000 & 2010? [Score]","Did Burundi have an export fall between 2000 & 2010? [Feedback]","Between Argentina and Bangladesh, which country had the maximum cumulative export percentage from 1970 to 2010?","Between Argentina and Bangladesh, which country had the maximum cumulative export percentage from 1970 to 2010? [Score]","Between Argentina and Bangladesh, which country had the maximum cumulative export percentage from 1970 to 2010? [Feedback]","In the year and country given below, which country in the specific year faced the lowest export?","In the year and country given below, which country in the specific year faced the lowest export? [Score]","In the year and country given below, which country in the specific year faced the lowest export? [Feedback]"
"2018/11/14 3:50:06 PM GMT+5:30","mingjie.shao@ucdconnect.ie","3.00 / 6","Argentina","1.00 / 1","","Looks like same export","0.00 / 1","","Looks similar","0.00 / 1","","Yes","1.00 / 1","","Bangladesh","0.00 / 1","","1980, Bangladesh","1.00 / 1",""
"2018/11/14 3:50:29 PM GMT+5:30","jatin.jaitley@ucdconnect.ie","3.00 / 6","Argentina","1.00 / 1","","Cuba","0.00 / 1","","Yes","1.00 / 1","","Yes","1.00 / 1","","Can’t Say","0.00 / 1","","Can’t Say","0.00 / 1",""
"2018/11/14 3:50:40 PM GMT+5:30","shivam.saxena@ucdconnect.ie","3.00 / 6","Argentina","1.00 / 1","","Can't Say","0.00 / 1","","Yes","1.00 / 1","","Yes","1.00 / 1","","Can’t Say","0.00 / 1","","Can’t Say","0.00 / 1",""
"2018/11/14 4:07:35 PM GMT+5:30","rafeh.ishtiaq@ucdconnect.ie","5.00 / 6","Argentina","1.00 / 1","","Bangladesh","1.00 / 1","","No","0.00 / 1","","Yes","1.00 / 1","","Argentina","1.00 / 1","","1980, Bangladesh","1.00 / 1",""
"2018/11/14 4:10:19 PM GMT+5:30","claire.rogers@ucdconnect.ie","5.00 / 6","Argentina","1.00 / 1","","Bangladesh","1.00 / 1","","Yes","1.00 / 1","","Yes","1.00 / 1","","Bangladesh","0.00 / 1","","1980, Bangladesh","1.00 / 1",""
"2018/11/14 4:11:16 PM GMT+5:30","linda.smithjameson@ucdconnect.ie","5.00 / 6","Argentina","1.00 / 1","","Cuba","0.00 / 1","","Yes","1.00 / 1","","Yes","1.00 / 1","","Argentina","1.00 / 1","","1980, Bangladesh","1.00 / 1",""
"2018/11/14 4:30:29 PM GMT+5:30","swathi.ishwarya@gmail.com","3.00 / 6","Argentina","1.00 / 1","","Bangladesh","1.00 / 1","","Can't say","0.00 / 1","","Can't Say","0.00 / 1","","Argentina","1.00 / 1","","1970, Argentina","0.00 / 1",""
"2018/11/14 4:30:53 PM GMT+5:30","jing.liu1@ucdconnect.ie","3.00 / 6","Argentina","1.00 / 1","","Bangladesh","1.00 / 1","","No","0.00 / 1","","Yes","1.00 / 1","","Can’t Say","0.00 / 1","","Can’t Say","0.00 / 1",""
"2018/11/14 6:22:23 PM GMT+5:30","jesse@gmail.com","2.00 / 6","Argentina","1.00 / 1","","Can't Say","0.00 / 1","","No","0.00 / 1","","Yes","1.00 / 1","","Can’t Say","0.00 / 1","","Can’t Say","0.00 / 1",""
"2018/11/14 6:33:49 PM GMT+5:30","vijayaveenab@gmail.com","3.00 / 6","Burundi","0.00 / 1","","Cuba","0.00 / 1","","Yes","1.00 / 1","","Yes","1.00 / 1","","Argentina","1.00 / 1","","1970, Argentina","0.00 / 1",""
"2018/11/14 6:35:18 PM GMT+5:30","karthikeyanj95@gmail.com","5.00 / 6","Argentina","1.00 / 1","","Bangladesh","1.00 / 1","","Yes","1.00 / 1","","Yes","1.00 / 1","","Can’t Say","0.00 / 1","","1980, Bangladesh","1.00 / 1",""